{"cameraMode":{"drawMode":0,"name":"Shaded","section":"Shading Mode"},"sceneLighting":true,"audioPlay":false,"sceneViewState":{"showFog":true,"showMaterialUpdate":true,"showSkybox":true,"showFlares":true,"showImageEffects":true,"showParticleSystems":true},"in2DMode":false,"pivot":{"x":19.093692779541017,"y":1.4540926218032838,"z":-16.30653953552246},"rotation":{"x":0.02118823491036892,"y":0.9275455474853516,"z":-0.05321886017918587,"w":0.369294136762619},"size":22.0,"orthographic":false}